seed,split
490211,train
601649,train
1838962,train
3148148,train
3860070,train
3874195,train
4082091,train
4545551,val
4582443,train
4774357,train
4991500,train
5930531,train
6047650,train
6292214,train
6381371,test
7618525,train
7620513,test
8166300,train
9176980,train
9185668,train
9993546,test
18715920,train
19082425,val
19275569,train
19289667,train
19906098,train
20264936,train
20501822,train
20526736,train
20594040,train
21133309,train
22530380,test
23198873,test
24242068,train
26902190,test
27019205,train
27479604,train
28865450,train
28925929,val
28965332,train
29183993,val
30317832,train
30477935,train
30985567,train
32502018,train
32603537,train
32979726,train
33326761,test
33791576,train
33896115,val
33972330,test
34545587,train
35505316,train
35985494,train
36008688,train
36312775,train
36348150,train
36865492,test
37192884,train
38749652,train
38867930,train
39771536,val
40741618,train
41275089,train
41700018,train
42014270,train
42666932,train
43355224,test
43573480,train
44231591,train
44236219,val
45142830,train
45836082,train
45971625,train
46355639,train
47149131,test
47609392,train
48315087,train
48335112,train
48365105,train
50088316,train
51831044,train
51866438,train
52097366,test
52964023,train
52974192,train
53095903,train
53694734,train
55496155,train
55524975,train
55841149,test
56281373,train
57229469,test
57288153,train
57674338,test
59160842,train
59304557,train
59847068,train
60937506,train
61340522,train
61672439,train
62016904,train
62060361,train
62473776,test
62798067,train
63064301,train
63707234,train
65245127,train
65581530,test
65986498,train
66035052,train
66516713,train
66595612,train
68749631,train
69352031,train
69746545,train
69761924,train
69873101,test
71175533,train
71464466,train
71948602,train
72011345,train
72582495,train
73544229,val
74125896,train
74699608,test
75550929,train
76305495,train
76367906,train
77623049,train
78648372,train
78753861,test
78915304,train
79903740,train
79974548,train
80114567,test
81067130,train
81203554,train
81245237,train
82190237,train
82250382,train
83737735,train
84134050,test
84378680,train
84414362,train
84617287,train
85206683,train
85498912,train
85719713,train
86249035,train
87103367,train
88286186,val
88408489,val
89685338,train
90037017,train
90656619,train
91101247,train
91371892,train
93203375,train
93841946,test
94657979,val
94780672,train
95647372,train
95885089,train
96105462,train
97575883,train
97810450,train
98264574,train
98571269,train
99808388,train
178945001,train
179121767,train
180383181,train
180616361,train
181950323,train
183338333,train
184149570,train
184291879,train
184413170,train
184449751,train
185136206,test
185685161,train
185886224,train
186350120,train
186703629,train
187998284,train
188515277,train
188597585,train
189729871,val
190097099,train
190649277,train
191867218,train
191938571,train
192400270,train
192499469,train
192622124,train
192759198,train
192930209,train
193363800,train
194499547,test
194595544,train
194926299,test
195533519,train
197133996,train
198249140,train
198475070,train
198547431,train
198682841,train
198864137,train
199029858,train
200404994,train
200466655,test
201840576,train
202481119,train
204166938,train
204389837,train
204412447,train
204434233,train
204449888,train
204613471,test
205162417,train
205599729,train
205888964,train
205959655,train
207208159,train
207333090,train
207663876,train
207785090,train
207862434,train
208084664,test
208510482,train
208902880,train
211977043,train
213836642,train
214758232,test
215046928,train
215525611,train
216283502,train
216503477,test
217562580,train
217647356,train
217813976,train
217841683,train
217950211,train
218276350,train
218384180,train
219037983,train
219407243,train
220419180,val
221031699,train
221045234,train
222497383,train
222777570,test
225025986,val
225127891,train
225676493,test
226006396,train
226213899,train
227390513,test
227717656,train
228170855,train
228592918,train
228926421,train
229213443,train
229359857,train
230156094,train
230680859,train
230812067,val
230896458,train
231515821,val
232451903,train
233950747,train
234518753,train
234662161,train
234825120,train
236257312,test
236310235,train
236339482,train
237519258,train
237882337,train
238419999,train
239837811,train
239845937,train
241016375,train
241092006,train
241131636,train
242580426,val
242704686,test
242782326,train
242928263,train
244686573,train
245136497,test
245311351,test
245710186,train
246236977,train
246470558,train
247188153,test
247321450,train
247714870,train
248770610,train
249992248,train
250023214,train
250068270,train
251445478,train
253330066,train
253927619,train
254149548,test
254668323,test
255525064,train
255624961,train
255702932,train
257005249,train
257344717,train
257412535,train
257588214,val
257819119,train
258227759,val
259052445,val
259347311,train
259479137,train
259668730,train
259752992,train
260455639,test
261610718,val
262259945,train
263343306,train
264413833,train
264444881,train
264752943,test
265222118,train
265780488,train
266855794,val
268666193,train
268950376,val
269604309,train
270012664,train
270347786,train
270685756,train
271323135,test
271513027,train
271896528,train
271928203,train
272821098,train
273013078,train
274177342,train
274307125,train
274477857,train
274607851,test
276648882,train
276956855,train
277262866,val
277741011,val
278375082,train
278387090,test
279679859,test
279806351,train
280285647,train
280349636,train
280508242,train
280628314,val
280769658,train
282113122,test
282746787,train
282816460,val
284426732,train
284446011,train
284853370,test
285400734,val
285596790,train
285711008,test
285746119,train
286908101,val
289331907,test
289441534,train
289781553,train
291630096,train
292006849,test
292040845,train
293123106,train
293207635,train
293754456,train
294239017,train
295015888,train
295290514,train
295774979,train
296986947,train
297643638,train
298026769,train
298654364,train
299024687,train
299561548,val
300008764,train
300049182,train
300450775,train
300512670,train
300574311,train
301227965,train
301476374,train
302536187,train
302574330,train
302607426,train
303306767,train
303686817,train
303975547,train
304404854,train
304663573,train
305425266,val
305810312,train
305917951,train
306002219,train
306471415,train
306484255,train
306495430,train
309045061,val
309568053,val
310400425,train
310484936,val
311058102,train
311664989,train
311818757,train
312031169,test
312137187,train
312434255,test
312711386,train
313559819,train
314150694,val
315173581,test
316434289,test
317564304,test
317565370,test
318383941,val
318703482,train
318714160,train
318968882,train
319332009,train
319564900,test
319689005,test
320025393,train
321265691,train
321964974,test
323040422,train
323633750,train
323660335,train
323763338,train
324673405,train
324736018,train
325089682,train
325693689,test
325971988,train
326043568,train
326159812,train
326579853,train
327369828,train
327798957,val
328009209,train
328145158,train
328490760,val
328706346,train
329050494,train
329428181,train
330395699,train
330445030,train
331097619,train
331244361,train
331702998,val
332034166,train
334399261,train
334698301,train
334985187,train
335449683,train
335606373,train
335933444,train
336096266,val
339220035,train
339281873,train
339444790,test
339635492,test
339913715,val
339985899,train
340169624,val
340241336,train
341237088,train
341414635,train
342045093,train
342882231,train
342957625,train
343587625,train
343971669,train
344218050,train
344654319,train
344812500,val
345186740,train
345473488,train
345525778,train
346481448,train
347046386,train
347439232,train
347799120,val
347932657,train
348179697,train
348579498,train
348597336,train
349069150,val
349699138,val
349717698,train
351368367,val
351942705,train
352487437,train
352514344,train
354225514,train
354563715,val
354568291,train
354724718,train
355045260,train
357495080,train
359074715,train
359835006,train
361265288,test
361628776,train
361784713,train
362011580,train
362308902,train
364055033,train
364980673,train
365141118,train
365148239,train
365396072,train
366345736,train
366865511,train
367004333,train
367746074,test
368540351,train
368946853,train
369307643,train
369365609,train
369653473,train
370118545,train
370135007,train
370219815,train
370858175,train
371007016,val
371087144,train
371122746,train
371174990,train
371433644,val
371731854,train
372106973,train
372150292,train
373283280,train
373327385,train
373523151,test
373629552,train
373674157,train
373902720,train
374401498,val
374411471,train
375492703,val
376015259,train
376311076,val
376402156,train
376672442,val
376915942,train
378525785,train
378962830,train
380342108,train
380803993,train
380853552,train
380879027,val
381508871,train
381757730,train
382666384,train
383282469,train
383355583,val
383730051,train
384057408,train
384457198,train
385498505,train
385673536,train
385912889,val
386011202,train
386156075,train
386365226,train
386558241,train
387150452,train
388492197,test
389068265,train
389197493,val
389288364,train
389445724,train
389516206,train
390516081,val
391203517,train
391410836,train
391487786,train
391878265,train
392002427,val
392718511,train
393337176,train
393560081,train
395223705,train
395305894,test
395622097,train
396109186,train
396385015,train
397127397,train
397173671,train
397419363,train
397535915,train
397726180,val
397753733,val
397864856,train
398499187,test
398514467,train
398546163,train
398736895,train
398997838,test
399715070,train
399749845,train
400001896,val
400290668,train
400292412,train
400306531,train
402537981,val
402732642,train
403178585,train
403765292,train
403768878,train
403850803,train
404258041,train
404847125,train
406502361,train
407265259,train
407456733,train
407466097,train
407547193,train
407780999,train
407814481,train
409266234,train
409389812,train
409416060,train
409529625,val
409729871,train
410823693,train
411525184,train
411707985,train
411815407,train
411817257,train
411840528,train
412104153,test
412632404,test
412665280,train
413481446,train
413627763,train
413989642,train
414029608,train
414130476,train
414546779,val
414714144,train
415477127,train
415787592,train
416814212,train
416882877,train
417001365,train
417572508,val
418602406,train
419988816,train
420114747,train
420254526,train
420313900,train
420653314,train
420811893,val
421081189,test
421383458,train
421849595,train
422037127,val
422732952,train
422908333,train
423698443,train
424079233,val
424478305,train
424652068,train
424776703,train
424796522,train
424866996,train
425856833,val
426476793,train
427139737,train
428743306,train
429348794,train
430090514,val
430367473,train
431506283,train
431534699,train
431693207,train
431811483,train
431833148,test
432052703,train
432063252,train
432138343,train
432679012,train
433477539,train
433945519,train
434664657,train
434732195,train
434764658,train
435444540,test
435543074,train
436935497,train
438482321,test
438925615,train
439045538,train
439523109,train
439794881,train
440333042,train
440432693,train
440485677,train
440885581,train
442033034,train
443112458,train
444694707,train
445234382,train
445500294,test
446710785,train
446823206,train
447335781,train
447737316,train
448795691,train
449160627,train
449871294,val
449998947,train
450121470,train
451138993,train
451179112,train
451442605,train
452669542,train
453284200,train
453344300,train
453522546,train
453725418,train
453970654,train
454094342,train
454931228,train
455138738,train
455284152,val
455513137,train
455792600,train
456164365,train
456253520,train
456336538,train
456516806,val
456518777,train
456521372,train
456755479,train
457311654,train
457543889,train
457585038,train
458239487,train
458340812,train
458348035,val
458631255,train
458981635,test
459348698,train
460037074,train
460857553,test
460982690,train
461080761,train
461204937,train
461602696,train
463049781,train
463872825,train
464679118,train
465603143,train
466492901,val
466623147,train
466797690,train
466853279,train
467004150,train
467894869,test
468310519,train
469011033,train
469021997,train
469090076,train
469224922,train
469372270,train
469958471,train
470036164,train
470959743,train
471093757,train
471709701,test
471961367,train
472732232,train
473585106,train
473681578,test
474312019,train
475336690,train
475706073,train
475772761,train
475944691,val
476103541,val
476415879,test
476840648,train
476843852,train
478370769,train
478864744,train
478878824,train
479019013,train
481053110,train
481173932,train
481786054,train
483179507,train
483208580,train
483633584,train
483645493,train
483733706,val
485089973,val
485145898,train
485290140,train
485530344,test
485657947,train
486242546,train
486800607,train
486919334,train
488518350,train
489352210,train
489973223,train
489991133,train
490351528,train
491233863,train
491271420,train
491703208,test
491857060,train
492686069,test
493356125,train
495372054,train
495596260,train
495989600,train
496009069,train
496226674,train
496746896,train
497285506,train
497833509,train
498826106,train
498904099,train
499702466,train
500614381,train
500913013,train
501493469,train
502053992,train
502281004,test
503870612,train
503989331,test
504112776,train
504194159,test
504995620,train
505474919,test
506369569,train
506488496,train
507064356,train
507107646,train
508512100,train
509833751,train
510028009,test
512216749,train
512558783,train
512619659,val
512798382,train
512916908,train
512964235,train
513326227,train
513465286,train
513689372,val
513792431,train
513984314,train
514294132,train
514348278,test
514490001,val
514559296,train
514887921,train
515017040,train
515615692,train
515805745,train
515816872,train
515941321,train
517422897,train
517649439,train
517788235,train
518039180,train
518096913,train
518771130,train
519119299,train
519565820,train
519646276,train
519866520,train
520346838,train
520664924,train
523756833,train
525457232,train
526080515,train
526289567,train
526357171,train
526788993,train
527394729,train
527661358,train
528074437,train
528252603,train
528340582,train
529385225,train
529554508,train
531272924,train
531723495,train
531844623,train
531930028,train
532648608,test
532712225,val
534191626,train
535585686,train
535659948,train
535739985,train
535776868,train
536492857,train
536864724,train
537317714,train
538091551,train
538187974,val
538636429,train
538814871,test
540629739,test
541523876,val
542082309,val
542299749,train
543757935,train
543983434,train
544450264,train
544764704,test
545016435,test
545778951,train
545986532,train
546442965,train
546855292,train
547503043,val
547777654,test
548511201,train
548648156,train
548790201,train
548875028,val
549638874,train
550102181,train
550139127,train
550630458,train
550649854,train
551104540,train
551114978,train
551437470,train
551582967,train
551876516,val
552148544,test
552651318,train
552919335,train
552973535,test
553243529,train
554033351,train
554744410,train
555100677,val
555668433,train
555863763,train
556791446,train
556814637,train
556887976,train
557467922,train
557473418,train
557615480,train
557883112,train
558955227,train
559014124,train
559020330,val
559857514,train
561361292,val
561789704,train
562925853,train
563357488,train
564307504,train
564551244,train
564709444,train
564721667,train
566131267,val
566174355,train
566333587,train
567757590,train
567866257,train
568088792,train
568173350,train
569049539,train
569167591,train
569407879,train
570027040,train
570058778,train
570063492,train
570114615,train
570879522,train
571090032,train
571090908,train
571092944,train
571128833,train
571254978,train
571338848,val
572397602,train
572421896,train
573586330,val
573646617,train
573941099,train
574074251,train
574670763,train
574722512,train
574885593,test
574995622,test
575993167,train
576935677,val
576995337,test
577470254,test
578091017,train
578544885,train
578913113,train
579065927,train
579737585,train
579754237,train
580321737,val
580998704,train
581092247,train
582084893,train
582448079,train
582772743,train
582819553,val
583020497,train
583183489,train
583416772,train
583440804,val
583715155,train
583927975,train
583957463,test
584383374,train
584574041,train
585197994,train
585250185,train
587214918,train
587900515,val
588506165,train
588854662,train
589602176,train
589861736,train
589966132,test
590156997,val
591100336,train
591756855,train
592590235,train
592688519,train
593082772,train
593364995,train
593530908,train
593931719,train
594134967,train
594259569,val
594260950,test
595535786,train
595982425,train
596259462,train
597025241,train
597243469,train
597644348,val
597995163,val
598329299,train
598435335,train
598461858,train
598857731,train
598939331,train
600001861,test
600966394,train
600984781,train
601580307,train
601851902,train
602217473,train
603282615,val
603976712,train
604143596,train
604852805,train
605300677,train
605632788,train
605634003,train
605773605,val
605936192,train
606326457,val
607141605,val
607197677,train
607488812,train
608345107,test
608849566,train
609741670,train
609975134,train
610066728,train
610150821,train
610385551,train
610877994,train
611434850,train
611490876,train
611926494,val
612514955,train
612698327,train
612809060,train
612907453,train
613345446,train
613640000,train
614616087,train
615103952,train
616860627,test
616960930,train
616978602,test
617649004,train
618343265,train
618565602,train
619667265,val
620363830,train
620995017,train
621429881,train
621430525,test
621464205,train
621668444,train
621675258,train
622603501,train
623744842,train
623996587,train
624205299,train
624752853,test
624895518,train
626838557,train
627532146,train
628077185,test
628342861,train
629206255,val
629378870,train
629919912,train
630456151,val
630704816,train
630912282,val
630926866,train
631077811,train
631835694,train
632558211,train
632601610,val
632751000,train
632987529,test
633574797,train
633692540,test
634609680,train
634769840,train
634842740,train
635218263,val
636199247,train
636336448,train
636563058,train
637533536,train
637590799,train
637862928,train
637987530,test
638453963,train
639085056,train
639582285,train
639628912,train
640260130,train
640357932,train
640420782,train
640471972,val
641872978,val
641999239,val
642008572,train
642139696,train
642198420,train
642365092,train
642536395,train
643908466,train
645223824,train
645777882,test
645943268,train
647845559,train
648071308,train
648496296,train
648795745,test
648820723,train
648920287,train
649234795,train
649506901,train
649712591,train
649879028,train
650105111,train
650648047,train
651275285,train
651443708,val
651587998,train
651860978,train
651972605,train
652016406,train
652123412,train
654743232,train
654988922,train
656002438,test
656626174,val
657554516,train
658459930,train
658890541,train
659133347,train
659202017,train
659557036,val
659682984,train
659798046,test
660229410,train
661081065,train
661317451,train
661974290,val
662065485,train
662376177,train
662890446,train
663095123,train
663354099,train
663385122,train
666220938,train
666355061,train
666861008,train
667219879,train
667395819,train
667878075,train
668232309,train
668954705,train
670001804,train
670299566,train
670512118,test
670862478,train
671329711,train
671693019,train
671954673,train
672046125,train
672226864,train
673222788,train
673260412,train
673465859,train
674825282,train
675237434,train
675349024,train
675762369,val
675905754,train
676102168,train
676211738,train
676612896,test
676742501,test
676759245,test
677063818,train
677471183,train
677489109,val
677622609,train
678962828,train
678965013,train
679058216,train
679087788,train
680071854,train
680890304,train
681005360,test
681107997,train
681396960,train
681516623,train
682360873,train
682433916,train
684213685,train
684276675,train
684935946,train
684937698,train
686143779,train
686287991,train
686375428,train
686392351,train
686782000,train
686798131,train
687400592,train
687579449,train
687886463,train
687992825,test
688395174,train
688534405,train
688752046,val
688992988,train
689275892,train
689389072,train
689399402,train
690462711,train
693165104,train
693499440,train
693510329,train
693621071,train
694086269,train
694607065,train
694941424,train
695030868,train
695034068,train
695326883,train
695562866,train
695762403,train
696014243,train
696912969,test
697286133,train
697971426,train
698650659,train
698732908,train
699034877,train
699706594,train
701384624,train
702076509,train
703449217,train
703947824,train
703981562,train
704635556,val
704715996,train
705047195,train
705080798,train
705529867,train
705735516,train
706156072,train
706287437,train
706579090,val
707145878,train
708518557,test
708643069,val
708709141,train
709025738,val
709140509,train
709596802,train
709745162,train
711351701,train
711702139,val
713738512,test
713763709,val
714265151,train
715943119,train
716636133,train
717106096,train
717282815,val
717727186,test
717976278,train
718154481,train
718415420,train
719337082,train
719739068,val
719846410,val
719879807,train
720473152,train
720738466,train
720972209,train
721413156,train
721788859,train
722828677,train
723203684,train
723568160,train
723809657,test
724041725,train
724263782,train
725335537,train
726381919,train
728110731,val
728116385,train
728931640,train
729295294,train
729746528,train
730743323,train
731298574,train
731488188,train
731536639,test
732630352,train
732665246,val
732778841,train
732831330,train
732899613,train
733288980,train
733992298,train
734388771,train
734786537,train
735810032,train
736136503,train
736541413,train
736616431,train
737093111,train
737195414,val
737840319,train
737858280,train
738108792,train
738606198,train
738739875,train
739698321,val
740645798,train
741141827,train
741250297,train
742251656,train
742281064,train
743458198,train
743691572,train
743713981,train
744241375,train
744616109,train
744921150,train
746096172,train
746365268,train
746465953,train
746491057,train
746513499,train
746634080,train
746797057,train
747054690,train
747185775,train
747231342,train
748059519,train
748365905,val
748839862,test
750034656,train
750139241,train
750969745,train
751308730,train
754830560,test
755181987,train
755825152,val
756655148,train
756977287,train
757644094,train
758086773,train
758299049,train
758554104,test
758567220,train
759047742,train
759725345,train
759901506,train
762650371,train
762946502,train
762956406,train
762958412,train
763980287,train
765091005,train
765123509,test
765350609,train
766548648,train
766917815,test
767870349,train
767899251,train
768114906,val
768150123,train
768153886,train
768411859,val
768526141,train
768723261,test
769533662,test
769651021,test
769692078,train
769697707,train
770134404,train
770153978,train
770208012,test
770583025,train
770845685,train
770860913,train
771759832,train
772370235,train
772556552,val
772728517,train
773674399,train
776668112,train
777736859,val
778696486,train
778859702,train
779058451,train
779357677,train
779472087,train
779633941,train
780274920,test
780373995,test
780847978,val
781182105,train
781303991,train
782369817,train
782478199,train
782721110,train
782735635,train
782957220,train
783559568,train
783600783,train
783670203,val
784862469,train
784997817,train
785280980,train
785288418,train
785369211,train
785944683,train
786425834,test
786964362,train
787612001,train
787733404,train
788071632,train
788605147,train
788640560,val
788686507,train
788973888,test
789229077,val
789841693,train
790096581,train
791108498,test
791365436,train
791381714,test
792329730,train
792611954,val
792718394,val
792825644,train
792834735,train
792886313,train
792985974,train
793900149,val
794041057,train
795286318,train
795644422,train
796350071,train
796648367,test
797110880,train
798620628,train
798745087,train
799109797,train
799157209,train
799670156,train
799716674,train
799718538,train
799733530,train
799810012,val
800155653,train
800191072,train
800472038,train
800717163,val
801090601,test
801694485,train
801783479,train
802208235,train
802261362,train
802439885,train
802968125,train
803139726,val
804587911,train
804705515,train
805028082,train
805035376,train
805340016,train
805423436,train
806270781,train
806312622,train
806652196,val
806712375,train
806964344,train
806990513,train
807283301,train
807908708,train
809253230,train
809368150,train
809594612,test
810615087,train
811442957,train
811824097,train
812677585,train
812767176,train
813923432,train
814394182,val
814708799,train
816135315,train
816903924,train
817175904,test
818155328,train
818169879,train
818405489,train
818486753,train
819391742,train
820706435,train
820755058,train
820902790,train
821268252,train
822065138,train
822643166,train
823933811,train
824032517,train
824274247,train
824334576,train
824354661,train
824844446,train
825933229,train
826055508,train
827590227,test
827598061,train
827748624,val
828231051,train
828341729,test
829127300,train
830155623,train
830290214,train
831186050,train
831617670,val
832436173,train
832557630,val
832789614,val
832811390,train
833358672,train
833741134,train
834130203,train
834336049,train
834999984,train
835013229,train
835331085,train
835946538,train
836942375,val
838134646,train
838181722,train
838433939,train
839350653,train
840213441,train
840573136,train
841478290,train
841503366,val
841615365,train
841618427,test
841689839,train
842683880,train
844261494,train
844552066,train
844705658,train
844707964,train
846271630,train
846520470,val
846831146,train
847013049,train
847121313,train
847244705,test
847806214,test
848065911,train
848344709,train
848469668,test
849967944,train
850798389,train
851223413,train
851787312,train
851858352,test
852456135,train
853605712,train
854497450,train
854911586,train
855978740,train
856803754,train
857498604,train
857882313,train
858098619,train
858155191,train
858317704,train
859412271,train
859485197,train
859526888,val
859690772,train
859830356,val
860398473,val
860482207,train
861301697,test
861492474,train
861603338,test
861717482,val
861831548,train
862299962,train
862383973,train
863143509,train
863970210,train
863990098,train
864052141,train
864178416,train
864442479,test
864811685,train
865446303,train
868243109,train
868350718,train
868354526,train
870232452,train
870323426,train
871000987,train
871170595,train
871663112,train
871706117,test
872366777,train
872614399,train
872660443,train
872902354,val
873244501,train
873425834,val
874353747,test
876390971,train
876534785,train
876700107,train
877261242,train
877535396,train
878217477,train
879393397,train
879619091,train
879924655,train
880033683,train
880228914,train
881452936,test
881648567,val
882261987,train
882439325,train
883521762,train
884007252,train
884075628,train
884176025,train
884646540,test
885420605,test
887123352,train
887256605,train
887653590,val
887720695,train
889352729,train
890343906,train
890852195,train
891131283,train
891427316,train
891591644,val
892055968,train
892529290,train
892549139,train
892950871,train
893571484,train
894689072,train
895470158,train
896123374,val
897297227,train
897846469,train
898872934,train
899651537,train
900835792,train
901595657,train
901886780,train
903691639,train
903699803,train
904892207,val
904900637,train
905375221,train
905537603,train
905747882,train
905831312,test
906001279,train
906329644,train
906512074,test
907309335,train
908109633,train
909142605,train
909422682,train
909691270,train
909903576,train
910527366,test
910724754,train
910810822,train
911120354,train
911367506,train
912518238,train
912629393,train
912637597,train
912880337,test
914436462,train
915202653,train
915223304,train
915673462,train
916564113,train
918941785,train
918989345,val
919354676,test
919507910,train
919819117,train
919901444,train
920273986,val
920628945,train
920975722,train
921434951,train
921661612,train
921804264,test
922663214,train
923652255,train
924139941,train
924801138,test
924918710,train
924955311,train
925053075,train
925277475,val
925766064,train
925836789,train
926139639,train
926165734,train
926248309,train
926248633,train
927698864,train
927870004,train
928215831,train
928407743,train
928709598,train
929319301,train
929385494,train
930016620,val
930089257,train
931490533,val
931946252,train
932408022,train
933705115,train
933967007,train
934051248,test
935097446,train
935123873,train
935903077,test
936318266,train
936379520,train
936933173,train
937639034,train
938088277,train
938426662,val
938695526,train
938751199,train
940593877,train
940711606,train
941993255,train
942175773,train
942795300,train
943365779,train
944253050,test
945041524,val
945521852,test
945611620,train
946011171,train
947012524,train
947890156,train
948229759,train
948545632,train
948733165,train
949743886,train
949795778,train
950452796,test
950801410,train
951416293,test
951618112,test
952103238,train
952888857,train
953280995,train
954343915,train
954500845,train
956528565,train
956995708,train
957059512,train
958230666,val
958278345,train
958745706,train
959892173,train
960198279,train
960598009,train
960703378,train
960957795,test
961179983,train
961207701,train
961277763,train
962226887,train
962657733,train
962889489,test
962947487,test
963059542,train
963114750,train
963642440,train
964930633,train
965306652,train
965825668,train
965848533,train
965935132,train
965977754,train
966221863,train
966547403,train
966646873,train
966726250,train
967541994,train
968166377,train
968664253,train
968978524,val
969772654,train
970052473,train
970124958,val
970156730,val
970652970,train
971557505,train
973708211,train
973974457,train
974044093,train
974397121,train
975188416,train
975346837,train
975700197,train
976147258,train
976203471,train
976922824,train
978199939,train
978670709,train
979107286,train
979112300,train
979365535,val
979395817,train
979531361,train
980160540,train
980348488,train
981075216,train
981181525,train
981212818,train
981251743,test
981621306,train
981760099,train
982424647,test
983136881,train
983436118,val
985226811,train
986314682,train
986618206,train
986622657,test
986823348,train
986865003,train
987329198,train
987669673,train
987870997,val
987908378,test
988058120,test
988346096,train
988438558,train
988714116,train
989170592,train
989402440,train
989709405,train
990045631,test
990745247,train
991030179,train
991227899,train
991754382,test
992932334,train
993060589,train
993253450,val
993398294,train
993732871,train
993857402,train
994281646,train
995958972,train
996454155,train
996466219,test
996692422,train
996868223,train
997331815,train
997437775,train
997572734,test
997837106,train
998013193,train
998900537,train
999994759,train
1215936303,train
1535333000,val
1778001589,test
1781655154,train
1783389242,train
1783802182,train
1785298621,val
1785494402,train
1785878189,test
1786595178,train
1786804631,train
1786836075,train
1787194311,train
1788407292,test
1788994837,val
1790338600,train
1790906576,train
1792173955,train
1792232514,train
1792569048,train
1793706574,val
1793895204,train
1795531026,train
1796100101,train
1796396186,test
1796703265,train
1798741181,train
1799001979,test
1800117939,train
1800862196,train
1802543088,val
1805163089,train
1805419253,train
1806295713,train
1808854583,val
1811632983,val
1811698887,train
1811891495,train
1811944095,train
1812536825,train
1813361312,train
1813867456,train
1814971243,train
1815293100,test
1815307597,train
1815717868,train
1816063414,train
1817213491,train
1819210237,train
1819331718,train
1819344828,train
1821445781,train
1821561217,train
1822924987,train
1823268831,train
1823286893,test
1823291120,train
1823602168,train
1824452040,train
1824755797,train
1824810041,train
1824903005,train
1824972729,train
1825445791,train
1826555177,train
1827247670,train
1827764854,train
1828005676,train
1828132443,train
1828273371,train
1828507293,train
1828543340,train
1828641548,train
1829463935,train
1831225315,test
1831405428,train
1831542962,train
1831635629,train
1832525355,train
1832552252,train
1833053216,train
1833090999,test
1833575811,train
1833975725,train
1834665491,train
1836419430,train
1837266237,train
1838939116,train
1838970815,train
1838978647,val
1839940797,train
1840691715,train
1841514162,val
1842346040,val
1842550239,test
1842829588,train
1843179852,train
1843193086,train
1843530614,train
1843908051,test
1843984704,train
1844263773,train
1845068306,val
1846343132,train
1846451330,train
1846570389,train
1846943301,train
1848415803,train
1848478667,train
1848802755,train
1848903138,train
1848913365,test
1849159453,train
1849208243,train
1849288013,train
1849364628,train
1851132363,train
1851736430,train
1852223633,test
1852613811,test
1852875839,train
1853299687,train
1853545992,train
1854195662,train
1854700502,train
1854910957,train
1854914869,train
1855513362,train
1855605479,train
1855749580,train
1856710954,train
1857597786,train
1858925716,train
1859360583,val
1859454841,train
1859653496,train
1860159656,train
1860473008,train
1861250078,train
1861489893,train
1861499998,train
1861640672,train
1861829574,val
1861942223,train
1862198606,val
1862318615,train
1863630229,train
1863981825,val
1865537635,val
1865843367,train
1866415062,train
1866627319,train
1867000773,train
1867251184,train
1867881822,train
1868988734,val
1869080128,train
1869096881,train
1869198232,train
1869245535,train
1869805411,train
1869843610,test
1870372131,train
1870518201,train
1870580876,val
1870890530,val
1870918938,train
1871267142,train
1871383887,train
1871483664,train
1871820107,test
1873081468,train
1873731201,val
1874140044,train
1874727666,train
1876466135,test
1876685667,train
1876876184,train
1877380202,train
1878057555,train
1879793313,train
1880099724,train
1880752927,train
1881144749,train
1881454018,train
1881950356,train
1882735881,train
1882812020,val
1883152477,train
1883273799,test
1884482136,val
1884695732,train
1884787687,train
1884954568,train
1885630754,train
1885778441,train
1885846713,train
1886232152,train
1887039414,train
1887749473,train
1888105588,train
1888324391,test
1888402366,train
1888448996,train
1889192437,train
1889958786,train
1890224104,train
1890397770,train
1890775494,train
1890832371,test
1891063786,train
1891531813,train
1891802350,val
1892658614,train
1892992826,val
1893092161,train
1893925162,train
1894316143,test
1894387131,train
1894557294,val
1895149773,test
1895222074,test
1895388369,train
1895571653,train
1895685185,train
1896118904,train
1896255370,train
1896691539,train
1896826255,test
1897855691,train
1898065952,train
1898297108,train
1899188998,train
1899237632,train
1899650173,train
1900056011,train
1900951743,train
1900995139,train
1901081795,test
1901095538,train
1901129844,test
1901440662,train
1902554002,train
1903207836,train
1903246431,train
1903259655,train
1903745460,train
1904505372,train
1904866395,train
1905029221,test
1905101033,train
1905208514,train
1905270067,train
1905305089,train
1905365780,test
1905379239,train
1905943214,val
1906572771,val
1908615924,train
1908665902,test
1909359414,test
1910116657,train
1910132252,val
1910152898,train
1910208275,train
1910697128,train
1910998635,test
1911188980,train
1911228070,test
1911284402,train
1911841640,train
1911918539,train
1911983113,train
1912096280,val
1913611741,val
1914173982,train
1914215973,val
1914238757,train
1914596214,train
1915405726,train
1915882242,train
1915973751,train
1915986409,train
1916966617,train
1917127727,test
1918067010,train
1919286796,train
1919598051,train
1920429515,train
1920656883,train
1920982091,train
1921031135,val
1921415571,train
1922327146,train
1922337701,train
1922951226,train
1923250477,test
1923264400,train
1923759643,train
1924655079,test
1924692677,train
1924759175,val
1925437299,train
1925512750,train
1925918876,train
1926720740,train
1926981453,val
1927377160,train
1927804246,train
1929820539,train
1930503373,train
1930908914,train
1931173935,train
1931371814,train
1931701121,val
1932269772,train
1932311963,train
1932919793,test
1933341233,train
1934556953,train
1934667499,train
1935508186,train
1935746206,test
1936174968,train
1936214080,train
1936932543,train
1937108319,train
1937877394,train
1938087485,train
1938636086,train
1938849080,train
1939021906,train
1939241382,train
1939706979,train
1939912282,train
1939951349,train
1940127460,train
1940183348,train
1940420569,test
1941851621,train
1941965603,train
1942294782,train
1942733136,train
1943164663,train
1944294831,val
1945441136,train
1947138626,test
1947187209,test
1947391688,train
1947510688,train
1947744842,test
1947832823,train
1947920682,train
1947983186,train
1948046004,train
1948092772,train
1948249737,train
1948351552,train
1948547088,train
1948653136,train
1949233245,test
1949417861,train
1949577616,train
1949941617,train
1950323246,test
1950537100,train
1951039672,test
1951047470,train
1951386409,train
1951618278,train
1951975130,train
1952352091,train
1952501623,val
1952883842,train
1953104872,train
1953137378,train
1954855909,test
1956440397,train
1957111609,train
1957388945,train
1957575469,test
1957666462,test
1958051451,train
1958637696,val
1959855119,train
1960994664,train
1961037564,val
1961485398,train
1961629888,train
1961695809,train
1961878762,train
1963209466,train
1963888146,train
1964161783,train
1964185079,train
1965134705,train
1965424796,train
1965444020,test
1965904518,val
1966093978,train
1966474100,val
1966692028,train
1967149927,train
1967445690,train
1968176912,val
1968805732,train
1969233623,val
1969314632,train
1970283602,train
1970594872,test
1970759616,train
1970924845,test
1971577788,train
1971611432,train
1971903839,train
1971980788,train
1972586018,train
1972635111,test
1973079248,train
1973749872,test
1973951238,train
1974211117,train
1974211742,train
1974424621,train
1975355860,train
1976043882,train
1977061382,train
1977197198,train
1977293746,train
1977508104,train
1978729477,test
1978827564,train
1980973120,train
1981231930,val
1981935938,val
1982125719,train
1982136593,train
1982818394,train
1982973271,train
1983103493,train
1983217515,train
1983444592,train
1983711380,train
1984339442,train
1984387393,train
1985192911,train
1985332252,train
1985762129,train
1985772909,train
1986077112,val
1986602184,train
1986911462,train
1987626215,test
1987845545,train
1988629473,val
1988965179,train
1989889149,train
1990010083,train
1990585283,train
1990611507,train
1991139193,train
1991291169,train
1991318931,train
1991604492,train
1992682674,val
1993435525,test
1993529881,train
1993532867,train
1994522117,train
1994750371,test
1996135942,train
1996401895,train
1996567164,train
1996688841,train
1997272502,train
1998347660,val
1998659729,val
1999053013,train
1999054185,train
1999074388,test
1999143801,train
1999510123,train
1999705108,train
1999762575,train
2000680575,train
2000905367,train
2002349824,train
2002421803,train
2002725059,train
2003278831,val
2003662946,val
2004422584,train
2004457764,train
2004581841,train
2004784718,val
2005120051,train
2005201529,train
2005838397,train
2007967969,val
2008831881,train
2008832293,train
2009885118,train
2010704484,val
2010709645,train
2011303493,train
2011332713,train
2011464468,train
2011565704,train
2011580435,train
2011852987,train
2012023787,train
2012216365,train
2012524632,train
2012844748,train
2014110446,train
2014212756,train
2014410797,train
2014419915,train
2014563078,test
2014800267,train
2015430120,train
2016918358,train
2017300182,train
2017455181,test
2017719174,train
2017794997,train
2017911924,test
2018272145,train
2019293202,train
2019993325,train
2020355495,train
2020790422,train
2022932215,train
2024469263,train
2024796302,train
2025498609,test
2025502351,train
2025977138,train
2026714419,train
2026768551,train
2026903863,train
2027416042,train
2027646674,train
2028149835,train
2028286173,train
2028364098,train
2028837186,train
2028841266,train
2028999004,train
2029146265,train
2029438897,train
2029727999,train
2029759759,val
2030698346,val
2031108595,train
2031206090,val
2032045985,train
2032243500,train
2032726848,train
2033297000,val
2033305140,train
2034058020,train
2035610636,train
2035626192,train
2035841247,train
2036005888,train
2036514520,train
2037105403,train
2037276945,train
2037444593,train
2037477486,train
2037625470,train
2037821269,train
2037924442,train
2038720899,train
2039220317,test
2039294585,train
2041145097,train
2041154249,train
2041223464,train
2042545609,train
2042563066,val
2042698605,val
2043049209,train
2043308442,test
2043339850,train
2043747327,train
2044956174,train
2045166601,val
2045480170,train
2045991743,val
2047319946,train
2047764591,train
2047952542,train
2048381317,val
2048827857,val
2049027607,test
2049616665,train
2049804747,test
2050029377,train
2050509740,train
2051630368,train
2051643875,test
2051830141,train
2052563301,train
2052949933,val
2054022113,test
2054057537,train
2054157494,train
2054678798,test
2055047671,train
2055093552,train
2055398857,train
2055431469,train
2055459897,test
2055468016,train
2055936699,test
2056135125,train
2057136544,train
2057172915,train
2057487311,test
2058099970,train
2058213540,train
2058540571,train
2058861565,train
2059696211,train
2060160825,train
2060306892,train
2060319497,train
2060480160,train
2061052915,train
2061501916,val
2061922085,train
2062174661,train
2062654284,train
2062760783,train
2062853499,test
2063766515,train
2064029565,train
2064424394,train
2064734014,train
2065656776,train
2065717342,train
2067136710,train
2067458026,train
2069293571,train
2069518276,train
2071093275,train
2071989840,val
2073259116,train
2073364379,train
2073790632,train
2076748364,train
2077142158,val
2078361640,train
2078419103,train
2079305944,val
2079720387,train
2080035479,train
2080280231,train
2080346904,train
2080372269,train
2081904479,train
2082000263,train
2082756075,val
2083540092,train
2083547557,train
2084038088,train
2085942728,train
2086673729,train
2086925672,train
2087528038,train
2087544786,train
2087668105,train
2087828070,train
2088153266,train
2089112006,train
2089476700,train
2090301419,train
2090618563,test
2091787340,train
2091939745,train
2093630934,train
2093682799,train
2093695470,train
2094095138,train
2094546887,train
2095099360,train
2095252181,train
2096023081,val
2096036043,train
2096377624,train
2096818540,train
2096958148,train
2097640012,train
2098489739,train
2099838443,train
2099844381,train
2100218991,train
2100436608,train
2100450343,train
2100511337,train
2100519827,train
2100776493,train
2101148325,train
2101542364,val
2102224794,val
2102628164,test
2103176938,train
2104495004,train
2105511956,train
2105684279,train
2106007462,test
2106048491,val
2106115738,train
2106496182,test
2107006989,train
2107599314,train
2108982694,train
2110078587,val
2110107999,train
2110538713,train
2111672396,train
2111933103,train
2112043635,val
2112829379,train
2113072203,train
2113599967,train
2113680310,train
2113957385,train
2114671264,train
2115172360,train
2115285031,train
2116367987,train
2116496039,val
2116727299,train
2117308214,train
2118878553,train
2119461352,train
2120547700,train
2120607091,test
2120844414,val
2122046951,train
2122605440,val
2122905327,train
2122959340,train
2123055009,train
2123291043,train
2123474305,train
2123583840,test
2123648507,train
2124610402,train
2124769582,train
2124948494,train
2124986553,train
2125057735,train
2125490355,train
2125912092,train
2127388781,train
2128377312,val
2129214819,train
2129762765,train
2130738617,val
2131084680,train
2131289551,train
2131474180,train
2132574818,train
2133486819,train
2133864522,train
2134117695,train
2134205125,train
2135237702,train
2135656547,train
2136150401,train
2136547612,train
2136711598,train
2137129831,train
2137860062,train
2138084640,train
2138694455,train
2138891517,train
2139487796,train
2139942412,train
2140006778,test
2140470438,train
2140651457,val
2140771230,train
2141201513,val
2141738807,train
2142861097,test
2144398556,train
2144968355,train
2145122224,test
2145403222,train
2145417457,train
2145612593,test
2145699625,train
2146267801,train
2146522843,val
2146589169,train
2147007557,test
2147418906,train
